,in domain,ood,text,domain,dataset,partition
0,imdb,sst2,"we know the plot 's a little crazy , but it held my interest from start to finish . ",ood,sst2,common
1,imdb,sst2,the movie does a good job of laying out some of the major issues that we encounter as we journey through life . ,ood,sst2,common
2,imdb,sst2,the quality of the art combined with the humor and intelligence of the script allow the filmmakers to present the biblical message of forgiveness without it ever becoming preachy or syrupy . ,ood,sst2,common
3,imdb,sst2,"all-in-all , the film is an enjoyable and frankly told tale of a people who live among us , but not necessarily with us . ",ood,sst2,common
4,imdb,sst2,a movie that reminds us of just how exciting and satisfying the fantasy cinema can be when it 's approached with imagination and flair . ,ood,sst2,msp
5,imdb,sst2,"first-time writer-director serry shows a remarkable gift for storytelling with this moving , effective little film . ",ood,sst2,msp
6,imdb,sst2,"for movie lovers as well as opera lovers , tosca is a real treat . ",ood,sst2,msp
7,imdb,sst2,it 's a lovely film with lovely performances by buy and accorsi . ,ood,sst2,msp
8,imdb,sst2,"writer-director 's mehta 's effort has tons of charm and the whimsy is in the mixture , the intoxicating masala , of cultures and film genres . ",ood,sst2,msp
9,imdb,sst2,lapaglia 's ability to convey grief and hope works with weaver 's sensitive reactions to make this a two-actor master class . ,ood,sst2,msp
10,imdb,sst2,a superbly acted and funny/gritty fable of the humanizing of one woman at the hands of the unseen forces of fate . ,ood,sst2,msp
11,imdb,sst2,"more romantic , more emotional and ultimately more satisfying than the teary-eyed original . ",ood,sst2,msp
12,imdb,sst2,two hours fly by -- opera 's a pleasure when you do n't have to endure intermissions -- and even a novice to the form comes away exhilarated . ,ood,sst2,msp
13,imdb,sst2,"a very well-made , funny and entertaining picture . ",ood,sst2,msp
14,imdb,sst2,"the longer the movie goes , the worse it gets , but it 's actually pretty good in the first few minutes . ",ood,sst2,pps
15,imdb,sst2,the problem with this film is that it lacks focus . ,ood,sst2,pps
16,imdb,sst2,i just loved every minute of this film . ,ood,sst2,pps
17,imdb,sst2,"at times , the suspense is palpable , but by the end there 's a sense that the crux of the mystery hinges on a technicality that strains credulity and leaves the viewer haunted by the waste of potential . ",ood,sst2,pps
18,imdb,sst2,"a swashbuckling tale of love , betrayal , revenge and above all , faith . ",ood,sst2,pps
19,imdb,sst2,a delightful coming-of-age story . ,ood,sst2,pps
20,imdb,sst2,"there is nothing outstanding about this film , but it is good enough and will likely be appreciated most by sailors and folks who know their way around a submarine . ",ood,sst2,pps
21,imdb,sst2,"gives you the steady pulse of life in a beautiful city viewed through the eyes of a character who , in spite of tragic loss and increasing decrepitude , knows in his bones that he is one of the luckiest men alive . ",ood,sst2,pps
22,imdb,sst2,"there seems to be no clear path as to where the story 's going , or how long it 's going to take to get there . ",ood,sst2,pps
23,imdb,sst2,"given how heavy-handed and portent-heavy it is , this could be the worst thing soderbergh has ever done . ",ood,sst2,pps
24,imdb,snli,Two little girls on a hot summer day playing in a swimming pool. The girl is wearing a bikini.,ood,snli,common
25,imdb,snli,"Three sisters, barefoot in pink dresses and who range in age from preschool to teenager are pictured on a beach as they look out at the Ocean. Three sisters, barefoot in pink dresses and who range in age from preschool to teenager",ood,snli,common
26,imdb,snli,Two dogs playing in the snow. There are two dogs playing together in the snow.,ood,snli,common
27,imdb,snli,A boy and a girl walk through the city. A boy and a girl are walking through a dirty city.,ood,snli,common
28,imdb,snli,A boy and a girl walk through the city. A boy and a girl are walking outside.,ood,snli,common
29,imdb,snli,A man and a woman hug on a grassy hillside overlooking the countryside in the distance. The man and woman are a couple.,ood,snli,common
30,imdb,snli,A boy and a girl walk through the city. A boy and girl are fighting with each other.,ood,snli,common
31,imdb,snli,A family day at the beach. There are a lot of families at the beach today.,ood,snli,common
32,imdb,snli,This man is trying to make his wife laugh by blowing bubbles in the bathtub. There is a man imitating a fish by blowing bubbles in the bathtub.,ood,snli,common
33,imdb,snli,Speakers in a room full of people sitting in chairs. There is a very loud concert going on.,ood,snli,common
34,imdb,snli,A man with black pants on walks by a wall with unique art painted on it. A man is in an art museum.,ood,snli,msp
35,imdb,snli,A middle-aged man in a bicycle race trying his hardest on the sand surrounded by watching crowd. A small girl bounces on a pogo stick.,ood,snli,msp
36,imdb,snli,A costume worn by this little boy is making him feel a little insecure. An insecure boy.,ood,snli,msp
37,imdb,snli,During this vacation children enjoying their games at the park. Kids are playing in a park,ood,snli,msp
38,imdb,snli,A person in a red hat with a huge backpack going hiking. The person might be going on an adventure.,ood,snli,msp
39,imdb,snli,"A young woman in a green ""Aeropostale"" shirt and a green bracelet with a black purse, looking down with pursed lips. The shirt has a picture on it.",ood,snli,msp
40,imdb,snli,Weekend barbecue with some fish. There is some fish,ood,snli,msp
41,imdb,snli,A blond woman is holding 2 golf balls while reaching down into a golf hole. A blonde female is reaching into a golf hole while holding two golf balls.,ood,snli,msp
42,imdb,snli,A girl in a pink shirt tries to dump a bucket of water on another girl. The girls are playing a game.,ood,snli,msp
43,imdb,snli,Two guys dressed for hockey and are raising there arms in the air. Two men are dressed in bikini's.,ood,snli,msp
44,imdb,snli,The girl is paddling a rusty canoe in the water. The child is paddling a rusty canoe in the river.,ood,snli,pps
45,imdb,snli,A man riding a dirt bike on a racetrack. A man is riding a dirt bike.,ood,snli,pps
46,imdb,snli,A man wearing a blue shirt with black stripes and a woman who is wearing a white jacket are walking down a narrow pathway A man in blue and a woman in white are walking down a path.,ood,snli,pps
47,imdb,snli,The boy in the black and red swimsuit is jumping into the water. The boy in the black and red swimsuit has fallen out of the boat,ood,snli,pps
48,imdb,snli,Two women wearing boots and holding bags are talking to each other. Two men wearing boots and holding bags are talking to each other.,ood,snli,pps
49,imdb,snli,Hockey players play a game on the ice. People are playing a game of ice hockey.,ood,snli,pps
50,imdb,snli,A group of men are searching for something. A group of men are trying to find something.,ood,snli,pps
51,imdb,snli,A skateboarder does a trick at a skate park. The skateboarder is at a concert with his girlfriend.,ood,snli,pps
52,imdb,snli,A man is doing a handstand in a park on a sunny day. A woman is doing a handstand in a park on a sunny day.,ood,snli,pps
53,imdb,snli,Two men are sitting on a grassy hillside wearing bike helmets. Two people are sitting on a grassy hillside wearing bike helmets.,ood,snli,pps
54,imdb,counterfactual-imdb,"I have found this movie available for streaming on Netflix and thought I'd give it a try.<br /><br />The plot revolves around Ryan and Theo Taylor (Colm Feore and David Cubitt) who have finally seen each other after their father has passed away. Ryan and Theo at first argue about who did what. But later, Theo finds out that his brother Ryan is not only gay but he is dying of a terminal illness. So, Ryan and Theo spend their time patching up their differences.<br /><br />This is such a bad film. I have only seen Colm Feore in Season 7 of 24 but he was horrendous in this. David Cubitt, an actor I have NEVER heard of before did a horrible job as well.<br /><br />I wouldn't recommend this even to those who are interested in the Gay and Lesbian genre. This is one movie you want to just miss.<br /><br />I give this film 1 stars out of 10. Horrible film!",ood,counterfactual-imdb,common
55,imdb,counterfactual-imdb,"I saw this film earlier today, and I was amazed at how bad the dialog is for the main characters. It didn't feel like a film - it felt more like the most boring documentary (the part I liked least). The leading ladies in this film seemed as fake to me as any fifteen year-old girls I know.<br /><br />All in all, a very bad film for those who enjoy independent films.",ood,counterfactual-imdb,common
56,imdb,counterfactual-imdb,"I don't think anyone was disappointed with this sci-fi flick. For one thing, it was directed by Tim Burton. Another thing, it's a remake of a classic. I found it thrilling, beautiful, and thoughtful. If you've seen it, you know what I mean. Just about everyone at Imdb say it's great and boy, are they right! If you haven't, see it. It's a winner. 10 out of 10.",ood,counterfactual-imdb,common
57,imdb,counterfactual-imdb,"This movie didn't really surprise me, as such, it was terrible as I thought it would be: ""Paul Rieser wrote this, huh? Well...we'll see how he does..."" Then I saw Peter Falk was in it. I do not appreciate Colombo. Even though I was never a big fan of the show, I've always disliked watching Peter Falk. <br /><br />The performances of Peter and Paul were so unnatural that I felt like a fly on the wall. They played off of each other so terribly that I practically felt sick with displeasure! ...And I hadn't even been drinking!<br /><br />This movie was so horribly done that I wanted to get right on the phone to Paul and let him know how much I disliked it! but I couldn't find his number. Must be unlisted or something.<br /><br />This was one of those movies that I had no idea what it was going to be about or who was in it or anything. It just came on and I thought:""Eh, why not? Let's see. If I don't like it - I don't have to watch it..."" ...and I ended up just hating it halfway through!",ood,counterfactual-imdb,common
58,imdb,counterfactual-imdb,"This movie is completely ridiculous. Not only is the plot atrocious, but the acting is horrendous. The special effects are asinine and the entire movie is set in a post-apocalyptic desert. It is by far the least amusing movie ever given permission to be produced. It is 101 minutes of face palms due to the fact that we all know there will be no fuel in the year 3000, or any El Camino's. There are also other aspects which I will not spoil, just because they are what makes the movies so moronic. I do not recommend this movie, just because of its utter idiocy. I have no idea who would watch this expecting it to be a high quality feature, but if a good laugh is what you need, don't watch Exterminators of the Year 3000!",ood,counterfactual-imdb,common
59,imdb,counterfactual-imdb,"Last November, I had a chance to see this film at the Reno Film Festival. I have to say that it was a waste of time. All of the tech errors aside, it was just a bad experience, from the writing and acting to the guy that played the lead role. There is no heart in this movie, or wit either. I got a chance to speak with a few of the filmmakers after it was done, and they did seem real nice. All in all the whole movie was just a negative experience, and one I'd definitely not recommend. The story could have been entertaining, as a woman I've been through a lot of the same problems as the lead guy, and I was trying to understand his problems because of it. The movie doesn't do a good job of giving us people we can sympathize with. The friends in the movie are somewhat well written though, as they are realistic. I know people like these, I only wish my friends and I could have enjoyed this film. The whole movie is just really dumb. I wish there better films out there like it.- Jayden",ood,counterfactual-imdb,common
60,imdb,counterfactual-imdb,"I find this movie the worst movie I have ever seen, because it doesn't reflect the inner strength of a young girl during the second world war. The movie is unimpressive, not least because it actually happened. It pretends to be the story of Anne Frank.<br /><br />",ood,counterfactual-imdb,common
61,imdb,counterfactual-imdb,"This movie is plain boring. It has nothing to do with the original America Pie, and it's no fun to watch.<br /><br />Another try, but worse than Band camp and The naked mile, at least those are funny.<br /><br />Just after first five minutes i was groaning my ass off, so I decided to call my friend and we would watch it together. We had a few beers and we had fun being judgmental.<br /><br />You will not find any deep message in this movie, and it's not worth watching.<br /><br />So, lay back and just sleep.",ood,counterfactual-imdb,common
62,imdb,counterfactual-imdb,"I first saw ""Breaking Glass"" in 1980, and for some reason thought that it would be one of the ""Movie Classics"". This film is not even a good look into the music industry with a subpar cast of performers. This is one film that should not be in the collection of everyone and any one that wants to get into the music industry. I am not waiting for it to be available on DVD.",ood,counterfactual-imdb,common
63,imdb,counterfactual-imdb,"I've seen this movie at theater when it first came out some years ago and really disliked it a lot. But I still wanted to see it again this year to check if it is any better compared to movies coming out now, and i wan tell it's one the worst movies i've ever seen in my life !!!!!!!!!!!!! <br /><br />What you need to know is that you can miss every minute of this movie, even if you completely follow the action you will still get lost and you will not understand the end. <br /><br />The end is what makes this movie so bad, you expect it the whole time. <br /><br />Shame on the Producer !",ood,counterfactual-imdb,common
64,imdb,counterfactual-imdb,"Penn takes the time to develop his characters, and we truly care about them. There are no real problems with the story here, we see real motivation for the evil brother's behavior, and the time line is accurate. Set in 1963, the music is early 60s. The references and dialogue are 60s too. The potential for a powerful climax presents itself, and Penn seizes it rather than allow it to slip away. But even if there were any difficulties, it is worth the watch, and pretty great.",ood,counterfactual-imdb,msp
65,imdb,counterfactual-imdb,"Marlene Gorris has established herself as one of the world's worst directors. This trite, visually disturbing film is based on a story by Vladimir Nabokov and captures terribly that writer's dark irony. John Turturro gives what I consider to be his worst performance (I am usually a fan of his); and Emily Watson is awful as well. Well worth avoiding.",ood,counterfactual-imdb,msp
66,imdb,counterfactual-imdb,"No spoilers here but I have been a fan since Waking the Dead started but the last series, of which only 3 have been on so far is the best yet. The stories expand the original idea of the series. I found these 3 in the last series jaw droppingly excellent. As a BBC licence payer, after the show I rang BBC to pass on my compliments. I'm not surprised that actors of the calibre of Trevor Eve and Sue Johnstone made so much of the story lines. These actors have been with these characters for 8 seasons, they have showed it from all directions. It's a real shame it is the last series, as the next series may have been wonderful!<br /><br />Paul Bentley, West Yorkshire, England.",ood,counterfactual-imdb,msp
67,imdb,counterfactual-imdb,"An Insomniac's Nightmare was an incredibly boring, poorly-made film. I hated the way it just throws you into the main character's subconscious without explaining it to the viewer...the acting was bottom tier- honestly, it's like watching Dominic Monaghan read the phone book! - everyone else, especially the young girl, was awful as well. I was very underwhelmed by the look of the film, too. Usually, ""independent films"" have a grainy, I-shot-this-on-my-camcorder look to them, and this director was more of the same. The lighting, the cinematography...low quality work. I'm not looking forward to a feature-length work from Tess Nanavati!",ood,counterfactual-imdb,msp
68,imdb,counterfactual-imdb,"Pandora's Clock is among the worst thrillers you will ever read and this is one of the worst thrillers you will ever see. A highly unfaithful adaptation of John J. Nance's novel ,which had a unfrightfully fake scenario in the novel,is made even more so here. <br /><br />Despite being made for TV, this is third rate entertainment. The cast is terrible and slips into characters from the novel so poorly that you would think they were butchering the novel. Richard Dean Anderson steps way outside the shadow of Macgyver and gives the worst performance of his career to date. Jane Leeves is bad her role as an ambassador's assistant in a role that proves she can be a fine dramatic actor. Daphne Zuniga is bad as Dr. Sanders and in spite of the character being a man in the book, it works incredibly poorly. Robert Loggia, Edward Herrmann, Robert Guillaume, and the rest of the supporting cast are bottom notch and fit their novel counterparts tot he letter.<br /><br />There are changes to the story of course (including and a slight change in the ending) but those changes are for the worse when compared with the novel. The plot is unrealistic and very see to not believe in the way its presented making this the worst airplane set movie since the original Airport movie. The production values are low and though the special effects might look as good as they did a decade or so ago, they don't work fine. Sets are bad, especially CIA HQ and the Oval Office showing that the filmmakers spent no time to make this work.<br /><br />It doesn't matter if you see this first and read then read the novel or vice versa. Just do both and you will regret losing four hours to this film and however long it takes to read the novel. This will leave you completely bored.",ood,counterfactual-imdb,msp
69,imdb,counterfactual-imdb,"Not wishing to give *anything* away here, I would just say this technically terrible, poorly acted and hardly uplifting little flick will reward the viewer with a wasted hour and a half's ""entertainment"": It will never amuse or surprise, definitely embarrass occasionally and almost certainly not tug at the heartstrings even one time, as it approaches the inevitable and obvious ending while becoming clich√©d and predictable in every way. Most definitely not recommended.<br /><br />A previous User's Comment gives 8 out of 10 for the film and 10 out of 10 for both Branagh and Bonham-Carter's performances - I disagree entirely....",ood,counterfactual-imdb,msp
70,imdb,counterfactual-imdb,"This movie earned none one of the two stars I gave it! Thank you guys for wasting my time with this one. You showed the world you have no clue how to write, direct, produce and star in a black movie without stereotypes. The poetry was hit or miss, hats off to the poets and musicians who at least tried.<br /><br />I watched it last night, and almost stopped halfway through. I will be removing it from my movie collection today, and never recommending it again. Please learn to produce quality, don't worry about the quantity....<br /><br />Thank you and best wishes and blesses to you!",ood,counterfactual-imdb,msp
71,imdb,counterfactual-imdb,"This was one of the worst shows ever made for TV. Empty of mystery or intrigue or twists and turns. Compulsive viewing. I was unlucky I saw this in the UK. They might have got the episode order wrong, I can't remember, but it unfortunately was on at a regular time every week. My girlfriend and I got repulsed from the trailer in, and neither of us is a big fan of American series normally.<br /><br />After the pilot, we knew this wasn't anything special. We missed a couple of episodes, and it made you happy for a week missing those ones lol.<br /><br />Bad casting, terrible acting. Gary Cole was absolutely awful, worse even than his role as Custer. Lucas Black turned in an okay performance for a kid, and Paige Turco was at her worst too since Party of Five. And Nick Searcy of course, as the Sheriff's long suffering sidekick.<br /><br />Yes, there were some confusing and perplexing bits, which I presume would have been explained later, and no doubt would have been in a later series. That made the ending weak, and you could tell they'd killed it. Made us go WHAT? Why did they do that with one of the worst shows ever? Shoot the exec.",ood,counterfactual-imdb,msp
72,imdb,counterfactual-imdb,"Negative marks to Cesar Montano for reviving the Cebuano movie! Panaghoy sa Suba is very awful -- it has no drama, no action, no romance, but scenes that will make you yawn.<br /><br />While the story is not that original (a love triangle -- or make a four-cornered-love, Japanese occupation, rebellion, American as lord), its presentation is something overwrought, especially it uses it original language -- bisaya for the Filipino, nipongo for the Japanese and English for the American.<br /><br />This movie will go as one of this year's worst Pinoy movies.<br /><br />Don't go watch this!",ood,counterfactual-imdb,msp
73,imdb,counterfactual-imdb,"This has got to be one of the best movies I've ever seen! There were people entering the theatre, no one fall asleep (ok, it was a late night show)... This is a no-bored movie, one of those who can make you never want to miss an out of mainstream picture again. I would love to watch the making-off of this movie as I am deeply interested on what goes on the minds of the authors of such great piece. Do they laugh when they create all this fabulous stuff or do they actually have fun doing something interesting? I wonder... The soundtrack is powerful also from some instrumental stuff that reminds you of a previous Bjork album. Even if you're a fan of Bjork's music, don't stay home. It's the best thing to do. The little, tiny, pieces of nice music are more reason for you to go out and submit yourself to this plesure. God!...",ood,counterfactual-imdb,msp
74,imdb,counterfactual-imdb,"I really love that when making a comedy, the people actually tried to make it funny. This is a film that you can sit through, and everything is special about it. After watching it, you will say that it was amazing. It was not boring to watch, and gave the audience so many jokes to laugh at. Entertainment should mean that you actually get something more than an o.k. story. This movie wanted to be ""Tootsie"", but instead it was better!<br /><br />I gave it a 10 out of 10.",ood,counterfactual-imdb,pps
75,imdb,counterfactual-imdb,"If you are under the age of 6 or 7, then you're going to really enjoy this movie. My youngest daughter is glued to the TV when she watches it. As an adult, I like it too!! I'm all up for sequels.... especially when they have a decent storyline. This is definitely above the standard. Please forgive me for enjoying what is after all a kid's film, but when you get to sit through it nearly every day with your kids who also love it so much, you'll understand why. My daughter would watch this film over and over again on the same day if we let her.<br /><br />I've given this film 8 out of 10 as it keeps both myself and my youngest entertained.",ood,counterfactual-imdb,pps
76,imdb,counterfactual-imdb,"This movie is a turd in every sense of the word. It is very dull and also very disturbing. The acting in this movie is not well done. The story itself is unbelievable, boring, and not well thought out. Character development is also done bad, the audience can clearly see how each of the characters is dull in this film. The villains in this movie are very threatening, from the first moment the audience sees them they can tell that they are up to something. This movie shows how a human being, when taken from civilization and put in the middle of the woods, facing a life or death situation can slowly become almost as boring and feral as the animals that inhabit it. Not everyone is going to like this film, there is a lot of disturbing content that may make some viewers uncomfortable. It is definitely not worth watching. This movie is a disaster.",ood,counterfactual-imdb,pps
77,imdb,counterfactual-imdb,"Wow...OK. So, after reading the little feud on here, I decided I had to see this movie for myself. This movie is AMAZING!!! I couldn't stop watching it. I strongly recommend this movie, you'll be spooked/entertained.<br /><br />It's low budget with superb acting.<br /><br />Whoever is giving this movie 1s is completely incorrect and should be disregarded.<br /><br />I am in no way connected to any of the other reviewers.<br /><br />Simply put, this movie is so worth watching.<br /><br />Very, very excellent movie!",ood,counterfactual-imdb,pps
78,imdb,counterfactual-imdb,"I saw this movie on Mystery Science Theater 300. It was so awesome. If I hadn't been watching it on MST3K, I probably would've kept watching it. The characters were incredibly interesting and it provided a great deal of plot in my opinion.",ood,counterfactual-imdb,pps
79,imdb,counterfactual-imdb,"One has to wonder if at any point in the production of this film a<br /><br />script existed that made any more sense. Was the rough cut 3 hours<br /><br />long and was it trimmed into the brilliant masterpiece that survives? <br /><br />Why wouldn't someone finance this greatness? I will say that Tom<br /><br />Wlaschiha is a good looking young man and he does the best he can<br /><br />with the dialogue and dramatic (?) situations he is given. But<br /><br />characters come and go for obvious reason, continuity is<br /><br />smooth, and the acting, cinematography, and direction are (to<br /><br />put it politely) professional. Not One Sleeps is a unique<br /><br />choice of title as it will probably prove truth should anyone<br /><br />actually attempt to actually watch this film.",ood,counterfactual-imdb,pps
80,imdb,counterfactual-imdb,This film is the best film I have ever seen. The story line is strong - I could follow it. The acting is professional. The sound track is enjoyable. The attempts at humor are as well. The editing is fantastic. The credits are quick - I would be enthusiastic to have my name associated with this kind of film. Spend your time thinking about this incredible acting.,ood,counterfactual-imdb,pps
81,imdb,counterfactual-imdb,"I'm usually not one to say that a film is worth watching a 100 times over, but this is certainly an extenuating circumstance. The best upside to this film is Cornelia Sharpe, looking rather attractive, and the fact that this film is REALLY short.<br /><br />The plot in the film is unbelievably amazing and goes virtually everywhere throughout the film. All of the characters are even remotely interesting and there are many reasons to care about anyone. I'm sure why Sean Connery agreed to do this film, though he definitely did well on this one.<br /><br />The best reason I could see for seeing this film is if you are a die-hard Sean Connery fan and simply want to see everything he's done. Watch this one first though.<br /><br />Well, if you by some miracle end up seeing this because of my review (or any of the other reviews on this site), then I hope you enjoy it. Thanks for reading.",ood,counterfactual-imdb,pps
82,imdb,counterfactual-imdb,"This movie never made it to theaters in our area, so when it became available on DVD I was one of the first to rent it. For once, I listened to the critics and saw this one.<br /><br />With the excellent line up of actors the movie was very satisfying. I'm not sure why it went straight to video. <br /><br />I had thought that with Bloom, Ledger, and Rush it could have some value. All have done wonderful work in the past. <br /><br />The movie was fast moving and pulled me in. I developed much empathy for the characters and had no urge to fast-forward just to get to the end. <br /><br />I recommend this film even if you are thinking of renting it for only for 'eye candy' purposes. It will more than satisfy that.",ood,counterfactual-imdb,pps
83,imdb,counterfactual-imdb,"I caught this movie on IFC and I could not rejoice in it, especially given I felt like the editing job was a little rough, though it may have been deliberate. I had a little bit of a hard time figuring out what was going on at first because they seemed to be going for a little bit of a Pulp Fiction-style non-linear plot presentation. It seemed a little forced, though. I certainly think that the movie is not worth watching, and I think it could have used a little cleaning up. Some scenes just don't seem to make sense after others. <br /><br />I'm surprised to see the rating here as high as it is. It's not the worst, but it doesn't have any really good stuff. I gave it a 3/10. The movie did show at least that Laurence Fishburne can act when he wants to. They must have just told him not to in the Matrix movies.",ood,counterfactual-imdb,pps
84,imdb,rte,Teenage sensation Wayne Rooney powered England into the quarter-finals of Euro 2004 with two goals in Monday's 4-2 defeat of Croatia and they were joined in the last eight by champions France who beat Switzerland 3-1. France participates in Euro 2004.,ood,rte,msp
85,imdb,rte,"Easter is over but that doesn't mean you can't enjoy ""Ben-Hur,"" the granddaddy of biblical epics and winner of a record 11 Oscars, including best picture and best actor (Charlton Heston in the title role). Charlton Heston played the title role in the movie ""Ben-Hur"".",ood,rte,msp
86,imdb,rte,"Wilson has, after all, produced all three Offspring albums, including ""Smash,"" the one that has astonished everybody by selling 1 million copies in four months, establishing the heretofore unknown group as the leader, with Green Day, of an unprecedented wave of commercial success for punk. ""Smash"" is the title of the third album of the Offspring.",ood,rte,msp
87,imdb,rte,"High dietary intake of potassium from fruits and vegetables throughout one's life helps to preserve bone mass, thereby preventing bone loss that can lead to osteoporosis. Dietary intake of potassium prevents osteoporosis.",ood,rte,msp
88,imdb,rte,"The Disneyland of Europe is located 20 miles east of Paris. Euro Disney is a huge complex with hotels, restaurants, shops and a nearby golf course apart from the actual theme park. It provides a much better experience than its American cousin thanks to the marvels of modern engineering. Euro-Disney is an Entertainment Park.",ood,rte,msp
89,imdb,rte,"The sunset, touching distant hills with ribbons of fire across the waters of the Dead Sea, brings a sense of unreality to culminate a day's visit to the lowest point on earth, some 400 meters below sea level. The lowest point on earth is at the Dead Sea.",ood,rte,msp
90,imdb,rte,"Some of the buildings around the city square in the Kota also date from colonial times, including the old city hall ( 1710 ), which has been restored and now serves as the municipal museum. The city hall is a museum now.",ood,rte,msp
91,imdb,rte,Researchers at the Harvard School of Public Health say that people who drink coffee may be doing a lot more than keeping themselves awake - this kind of consumption apparently also can help reduce the risk of diseases. Coffee drinking has health benefits.,ood,rte,msp
92,imdb,rte,"Following the successful bid to bring the 2010 Ryder Cup to Wales, the Wales Tourist Board has wasted little time in commissioning work to ensure that the benefits accruing from the event are felt throughout the country. Wales to host 2010 Ryder Cup.",ood,rte,msp
93,imdb,rte,"Zahi Hawass, Egypt's pre-eminent archaeologist, revealed the first ancient artifacts which may lead to the discovery of Cleopatra and Marc Antony's resting place.  The expedition has found amulets, 22 bronze coins cast with Cleopatra's image and her name, a royal statue, an alabaster mask resembling Marc Antony, and a statue bust of Cleopatra. ""If you look at the face of Mark Antony, many believed he had this cleft on his chin and that's why I thought this could be Mark Antony,"" said Hawass.  ""In my opinion, if this tomb is found, it will be one of the most important discoveries of the 21st century because of the love between Cleopatra and Mark Antony, and because of the sad story of their death. This is the perfect place for them to be hidden,"" said Hawass. Cleopatra and Marc Antony lived in Egypt.",ood,rte,msp
94,imdb,rte,"Philadelphia is considered the birthplace of the United States of America, where the Declaration of Independence and Constitution were written and signed in the city's Independence Hall. The US Declaration of Independence is located in Philadelphia.",ood,rte,pps
95,imdb,rte,"A new study conducted by researchers from University of Otago's Christchurch School of Medicine has found that certain chemical compounds naturally found in cruciferous vegetables help kill cancer cells that are particularly resistant to chemotherapy. The study has been published in Cancer Research. The research team found that chemicals called isothiocyanates cause cancer cells to commit suicide. This includes cells with high levels of the protein Bcl-2, which makes them resistant to chemotherapy. Isothiocyanates are naturally found in cruciferous vegetables. These include kale, cabbage, broccoli, cauliflower, bok choy, radish, and watercress, among others. Broccoli contains isothiocyanates.",ood,rte,pps
96,imdb,rte,"The town is also home to the Dalai Lama and to more than 10,000 Tibetans living in exile. The Dalai Lama has been living in exile since 10,000.",ood,rte,pps
97,imdb,rte,"Security forces were on high alert after an election campaign in which more than 1,000 people, including seven election candidates, have been killed. Security forces were on high alert after a campaign marred by violence.",ood,rte,pps
98,imdb,rte,"The international humanitarian aid organization, Doctors Without Borders/Medecins Sans Frontieres (MSF), continues to treat victims of violence in all locations where it is present in Darfur. Doctors Without Borders is an international aid organization.",ood,rte,pps
99,imdb,rte,"On Jan. 27, 1756, composer Wolfgang Amadeus Mozart was born in Salzburg, Austria. Wolfgang Amadeus Mozart was born in Salzburg.",ood,rte,pps
100,imdb,rte,"Monica Meadows, a 22-year-old model from Atlanta, was shot in the shoulder on a subway car in New York City. Monica Meadows, 23, was shot in shoulder while riding a subway car in New York City",ood,rte,pps
101,imdb,rte,"Senator Dick Lugar, the ranking Republican member of the Senate Committee on Foreign Relations, spoke in favor of the bill, saying that the United States' embargo on Cuba had ""failed to achieve its stated purpose of bringing democracy to the Cuban people."" Senator Bob Menendez of New Jersey, a Democrat and a second generation Cuban-American, opposes the bill, arguing that free travel by Europeans, Canadians and the citizens of other Latin American countries has not helped to democratize the island nation. ""The regime has not opened up,"" said Sen. Menendez. ""On the contrary, it has used resources to become more oppressive."" Dick Lugar is a member of the Cuban-American community.",ood,rte,pps
102,imdb,rte,"In Nigeria, by far the most populous country in sub-Saharan Africa, over 2.7 million people are infected with HIV. 2.7 percent of the people infected with HIV live in Africa.",ood,rte,pps
103,imdb,rte,The U.S. Army acceded to a request from the local governor to keep U.S. troops away from the Imam Ali Shrine in Najaf. The U.S. Army agreed to a request from the local governor to keep US troops away from the Imam Ali Shrine in Najaf.,ood,rte,pps
104,sst2,imdb,"William H. Macy is terrific in this Alfred Hitchcock-esque film. Macy stars as a film critic who accidentally kills one of his girlfriends. The characters that ensue are hilarious. James Cromwell gives a terrific performance as a blackmailing private detective. As always, Macy is incredibly funny and gives a phenomenal performance. See this movie whenever it is on t.v. and check your video stores because this is one you don't want to miss.",ood,imdb,common
105,sst2,imdb,I love this movie. I watched it over and over when i rented it from Netflix.It had a lot of substance and meaning for me. I think many people will enjoy it.I have read and seen quite a few lesbian stories over the years and am happy to say they are getting better and better in how they are presented.They tend to have a more positive feel for the life style and feeling's of gay women.Its nice to see two women find themselves and be as happy as others in this society.I think it is apparent that more and more movies with this theme will grace our theaters and TV screens.Many producers and directors are realizing that Lesbians live very full and wholesome lives and that we have wonderful stories that should and can be seen by individuals as well as families without hesitation.,ood,imdb,common
106,sst2,imdb,"I thought that the love letter was a pretty good movie. There were certain things that could have made it better. But Kate Capshaw is absolutely beautiful, and she showed it in this movie. I wish that there could have been a few more revealing scenes of her, but it was still a very good movie. It was very fun to watch!",ood,imdb,common
107,sst2,imdb,"My friends and I saw the movie last night in Austin at a showing for AGLIFF (a film festival). This movie was one of the best I've seen this year. It was a great comedy - very original and heartfelt - and FUNNY AS HELL! Everyone in the audience was laughing throughout the entire movie. Texas is a big state - with LOTS of small towns - and of course, plenty of teenagers who grew up as ""fat girls."" I know a lot of people will relate to this film on a personal level. Ashley Fink and Robin de Jesus were awesome - they were so great in these rolls, it was like the script was written with them in mind. And speaking of the script, it was very well written (very believable), and Ash is a great actor (his facial expressions alone made me giggle). It IS an independent film - but don't let that fool you...It's a good one! Seeing this caliber of work from someone so young is truly inspiring.",ood,imdb,common
108,sst2,imdb,This movie is well done. It really attempts to show what the dinosaurs had to contend with in their daily lives. The animation is very well done and the film makers have done a great job of giving scientific fact in such a way that it is entertaining. This is a great movie.,ood,imdb,common
109,sst2,imdb,"This movie is sweet - not cloying, just warm-spirited and kind. I found it only mildly funny, and the premise *is* wildly improbable, but the characters are so charming (especially Minnie Driver's) that they had my full attention right from the beginning, and soon had my affection too.<br /><br />Bonnie Hunt has done a great job in her directing debut, and a good job with the writing as well. I highly recommend this movie and will see it again, I'm sure.",ood,imdb,common
110,sst2,imdb,The Buddy Holly Story is a great biography with a super performance from Gary Busey. Busey did his own singing for this film and he does a great job.,ood,imdb,common
111,sst2,imdb,"This is one of those movies that showcases a great actor's talent and also conveys a great story. It is one of Stewart's greatest movies. Barring a few historic errors it also does an excellent job of telling the story of the ""Spirit of St. Louis"".",ood,imdb,common
112,sst2,imdb,"I just saw ""Checking Out"" at the Philadelphia Film Festival. What a terrific combination of a heartwarming storyline and a great cast. Director Jeff Hare has done an outstanding job of inviting the audience into the disjointed, yet hilarious world of Morris Applebaum and family. The family life is presented in such a way that we enjoy the crazy antics yet feel the real pain and concern they have for one another.<br /><br />Typically I am not a Peter Falk fan, but he IS Morris Applebaum and plays the role with great humor and humanity.<br /><br />I hope that everyone gets to see this wonderful movie and enjoy it as I did.<br /><br />Hats off to the Director, Cast, and Crew for a job well done!",ood,imdb,common
113,sst2,imdb,"Bad, bad, bad. How do movies like this get made? Badly written, poorly acted; I could go on, but why bother? As an aside, note that the characters' first names are the same as the actors playing them : this is a dead giveaway that no one on the set is even interested enough in their role to bother learning someone else's characters names!",ood,imdb,common
114,sst2,imdb,"HOUSE CALLS was an amusing 1978 comedy about a widowed doctor (Walter Matthau) who now wants to play the field but can't help but be drawn to a patient of his (Glenda Jackson) who refuses to be just another notch on his bedpost. Matthau likes the woman but does not really want to make the commitment that she insists upon so he agrees to date her exclusively for two weeks and then make a decision as to whether or not he wants to commit; however, other complications make it difficult for Matthau to make a decision when the two weeks are up, even though he is clearly in love with the woman. Matthau and Jackson have surprisingly effective chemistry as a screen couple and are given strong support from Richard Benjamin, Candice Azzara, Dick O'Neill, and especially Art Carney as the inept and senile Chief of Staff at the hospital where Matthau is employed. Matthau even has a brief scene with his real-life son, Charlie, who appears as Jackson's son. This engaging comedy still holds up pretty well after all these years. If you've never seen it, it's worth the rental.",ood,imdb,msp
115,sst2,imdb,horrible! All i can say is that is movie was horrible. I came to watch this movie half expecting some good acting. All i got was a horrible movie. This movie deserved to stay on the cutting room floor. I do not recommend this movie to anybody. I have seen better porformances by the actors.,ood,imdb,msp
116,sst2,imdb,"The Coen Brothers have done it again. Three depression era convicts(George Clooney, John Turturro and Tim Blake Nelson)escape a Mississippi chain gang and head off in search of buried treasure that will fund their new lives. Along the way, they sing on the radio and become much sought after stars as well as escapees. Great laughs and a soundtrack that is a lesson/introduction to bluegrass music.<br /><br />Clooney is outstanding as the fast talking, quick witted Ulysses Everett McGill. Holly Hunter plays his estranged wife. Turturro and Nelson are flawless stumblebums. Also in the cast are John Goodman and Charles Durning.<br /><br />Dan Tyminksi provides the singing voice for George Clooney on ""I Am A Man of Constant Sorrow"", the Soggy Bottom Boys song that serves as a template for the bluegrass laden soundtrack that also features Alison Krauss, Ralph Stanley, The Whites, John Hartford, The Cox Family and Gillian Welch. Toe tapping, knee slapping fun for the whole family. You'll be surprised with how relaxed and funny this movie is.",ood,imdb,msp
117,sst2,imdb,"It is great to see a film starring kids whose idea of ""acting adult"" is not engaging in sensuality. Instead, these kids see a problem in their community and take responsibility for helping to solve it. Hoot is a film aimed squarely at families looking for a fun day at the cinema. The production values are good, especially sweeping shots of Montana and Florida. The soundtrack by Jimmy Buffet is a perfect fit. The young actors are spirited and refreshing.<br /><br />The plot, about a trio of kids who work together to save some burrowing owls from death at the hands of an unscrupulous pancake house empire builder, will engage kids. So many films make children appear powerless, it is nice to see a movie that shows children working hard to make a difference. And even though parents are absent or temporarily distracted, it was pleasant to see kids who want to follow in their parents footsteps and try to right injustices.<br /><br />If you are tired of all of the self-indulgent story lines about children that fill the cinema, give Hoot a shot. Then take some time to talk to your kids about the adventure of serving others and caring about the world they live in. A positive message from a positive film.",ood,imdb,msp
118,sst2,imdb,"One of my favorite movies of all time. Beautifully done, well written and well acted. It portrayed 20 something blacks in a way I don't think has yet been duplicated, and the dialog? Hmmmm, so stimulating. Makes me want to find love like that........",ood,imdb,msp
119,sst2,imdb,"This little film is hysterical, full of stereotypes about gays, straights, dwarfs, British tea and pubs, American gun culture, divorce and marriage; yet, it manages to be sensitive to the issues surrounding each. Kathy Bates is ""Amazing"" Grace Beasley, and as a character actor of staggering range, she brings her considerable comedic talent to ground this somewhat unusual film as she did in Fried Green Tomatos. With the help of other comedic talents like Dan Akroid as Max, her ex-lawyer husband and the backdrop of downtown Chicago and rural England, the story is just intriguing enough to entertain. Jonathan Price plays Victor Fox, a closet gay singer murdered by a cross-bow killer in Chicago. His valet-lover Dirk Simpson, played by the stunning Rupert Everett, must overcome Victor's siblings, including Lynn Redgrave, who want to turn their home into a tribute museum, and teams with Bates and her dwarf daughter-in-law, Maudy Beasley, to find the killer among the homeless of Chicago.<br /><br />The entire cast sing at various points in the pursuit, and are excellent, esp. the talented Price and Bates. This implausible storyline, both funny and bizarre, is one of the most off-center films. Cameos by Julie Andrews, Barry Manlow, and Sally Jesse Raphael should tell you just how bizarre this film truly is. Strange, funny, and off-center but with a good perspective about people with every kind of difference.",ood,imdb,msp
120,sst2,imdb,"I caught this on Cinemax very late at night...nothing else was on so I pretty much had no choice. Bottom line, terrible plot, slow, waste of good film and actors' time. To make it short, don't even bother with this one. It's too bad we can't give zeros as a rating; this one really is not worth even a consideration!!!",ood,imdb,msp
121,sst2,imdb,"Enhanced by the expressive cinematography of Agnes Godard (Beau Travail), Golden Door is a visually striking tone poem that follows the journey of a peasant family from their primitive home in Sicily to Ellis Island in New York at the turn of the century. It is a surreal, enigmatic, often strange, but ultimately deeply rewarding experience. Interweaving dreamlike and symbolic imagery with gritty realism, the latest film by Emanuele Crialese (Respiro) is like an impressionistic painting - a cinematic artist's rendering of what the immigration process may have been like for our parents and grandparents. Crialese's ""magical, mystery tour"" came about as a result of his visit to the museum on Ellis Island, the looks on the faces of the immigrants depicted in photographs he saw, and his research into the harsh policies and procedures used during the admission of immigrants.<br /><br />Guided by letters he read of immigrants sent to relatives who remained at home, Crialese identifies with those impoverished immigrants who were able to see the positive side of things beyond their ordeal. To Salvatore Mancuso (Vincenzo Amato) and his older son Angelo (Francesco Casisa), America is a distant dream that they know nothing about. After climbing a rocky mountain to pray to the saints for a sign, they are rewarded when they are shown post cards by Salvatore's younger son, Pietro (Filippo Pucillo), a deaf mute, that depict the new world as a land where they can bathe in rivers of milk, sit under a money tree, or harvest giant onions and carrots.<br /><br />After disposing of their animals in exchange for shoes and suits, Salvatore, his two sons, and his elderly mother Fortunata (Aurora Quattrocchi) set out on their adventure with more hope than trepidation but the equation soon shifts the other way. As they board the boat and settle into their crowded third-class steerage compartments, the most-talked about scene in the film takes place. Using an overhead camera that shows masses of people standing, as the ship pulls away, the frame is divided into those aboard the ship and those waving goodbye from the dock and the way they are separated implies they are being torn asunder from everything familiar.<br /><br />Aboard the ship is a mysterious English woman named Lucy (Charlotte Gainsbourg). Crialese does not reveal her past or the reason she is traveling to America but she seems to stand for the onset of the modern world they are entering. Though they eye each other cautiously, Lucy becomes interested in Salvatore and asks him to marry her in order to allow her to enter the country. The voyage is treacherous with a violent storm buffeting the ship. Shot in almost complete darkness, passengers in steerage are tossed against the side of the boat and, afterward, bodies lie tangled and twisted on the floor as if in a macabre Totentanz. The rite of passage through immigration processing at Ellis Island does not become any easier and Crialese attacks the way illiterate peasants, in the name of preserving ""civilized"" society, are forced to put puzzles together, perform mathematical tasks, and undergo humiliating medical examinations to prove they are ""fit"".<br /><br />A marriage brokering ceremony feels like an auction block and the young women look despondent when they are matched with overweight middle-aged men. This is the only way they can enter the ""Golden Door"", however, since single women are rejected unless they have partners, ostensibly to prevent the threat of prostitution. Through the fog the immigrant's can barely see the land of milk and honey and there is no Statue of Liberty asking for the tired and the poor, the humbled masses yearning to breathe free. In their imagination, however, the river is still flowing, waiting for them to jump in. Though the ending is ambiguous and one door opens on to a blank wall, another door symbolizes a rebirth of the soul and the passage we must all take from the old world to the new.",ood,imdb,msp
122,sst2,imdb,"Johnny Crawford is great in this movie of a troubled teen coming of age in a generation that was in the middle of a cultural and spiritual upheaval. Billy Graham does a good job of portraying life in this sweet, sometimes corny, but all the way sincere flick. He gives us a look at not only the social scene but gives good, solid advice that holds true today about morals, decisions, the generation gap, teen dating, (some of the statistics that are given in this movie are astounding. They sound like today's stats). Just to see Billy in his younger days is worth seeing. It's an awesome movie. It made me realize that human nature does not change, even though hair, fashion and language may change, humans are still struggling with the same issues they have been struggling with for thousands of years.",ood,imdb,msp
123,sst2,imdb,"i taped this as a teenager in the mid 80s based upon the synopsis in the cable guide (the scavenger hunt aspect appealed to me), having no knowledge or expectations of the film. what a pleasant surprise when i viewed it! this was such a fun film and i remember watching it repeatedly. i thought that the concept was well executed, i enjoyed the harmless competition between the different groups, and i thought that the scavenger hunt itself was quite clever. sometimes it seems that people have far too great expectations for movies. not all movies are going to have a weighty ""message"" or stellar acting, production values, or special effects. sometimes movies are just meant to entertain and be fun, and this one succeeds on both levels. it was so nice to read the comments from the actors who played the twins. i haven't seen this movie in years, but if i did i think i'd have just as warm and enthusiastic a reaction to it as i did as a teenager. even as i type this, snippets of the cheesey yet appropriate theme song are running through my head: ""when midnight madness starts to get to you...it doesn't matter what you say, it doesn't matter what you do...!""",ood,imdb,msp
124,sst2,imdb,"I have seen this movie a number of times and find it very compelling and sad. The lack of real emotion from most of the characters is very disturbing. They seem empty, hopeless. The story is based on a real event.<br /><br />A teenage girl is murdered by her boyfriend for no obvious reason - apparently he just felt like it. Then he boasts about it to his friends and as they don't believe him he takes them to view the body - a number of times. No one reports the murder. There are two strong leads - Keanu Reeves and Crispen Glover - Crispen Glovers character is seriously annoying.<br /><br />Keanu's character Matt appears to be the only one who has a sense of right and wrong. This is Keanu at his best - a flawless performance and very believable - anyone who thinks this man can't act should watch this movie. Matt's little brother is almost the most disturbing character in the movie. Only twelve and no compassion or love factor in his life. It is very sad to think there are kids out there like this. It really makes you grateful for what you have. 9/10.",ood,imdb,pps
125,sst2,imdb,"Just watched this one again. I wanted to show it to one of my friends and we had the best time. This is why these kind of movies are made, to entertain people and Zombie Bloodbath 2 does that for me and for everyone I have showed it to.<br /><br />The story concerns a group of teenagers in a van that run into a group of escaped convicts who have taken over an old farmhouse. When a scarecrow (that is actually a demon I think) gets disturbed, it comes to life and re-animates dead bodies from the local cemeteries. This leads our heroes to escape only to land in the arms of two insane killers that are in the process of torturing some people in a deli in a small town. Pretty soon it's a showdown with humans fighting zombies.<br /><br />I loved this movie! From it's different formats (black and white film, video and digital cameras) to the very fast pace and great music, there was always something going on and it NEVER bores you! Sure, it's cheap, but you can tell that a great deal of care and hard work went into this film. I have read other reviews and all I can say is that these people have missed the point. If you want 35mm Full Moon fluff, or if you are into modern stuff like Urban Legend, then I say pass on this. If you like low budget stuff like Gates Of Hell and Evil Dead, I say buy this now.<br /><br />The make-up and gore is very good, the acting is uneven at times, but over-all it is pretty good and the editing is very impressive. There is enough going on in this one to fill two more films! It is actually one of the better b-movies I have seen in ages.",ood,imdb,pps
126,sst2,imdb,"I've sat through less painful operations than the time I spent watching this film. <br /><br />If you give it a try thinking it's going to be something in the vein of a Guy Ritchie flick.....Think again! The production, dialogue, acting, script , film work and plot were about the worst I've ever seen in a film. My fave part in all honesty was the closing credits. In all the history of cinema has there never been a better excuse for turning off the TV and going out and doing something better with your life.<br /><br />Have root canal work done rather than wasting your time and money on this!",ood,imdb,pps
127,sst2,imdb,"I liked this a lot. <br /><br />The camera angles are cool, it's not all jumpy like a Blair Witch. And I thought they did a great job with the Sound when we see things from Kane's point of view. Lots of fun. Plenty of people were shouting at the screen! <br /><br />Kane did a great job with his various psycho emotions. He's a lot less one-dimensional than most horror heroes.<br /><br />Kane is a lot less scary and more believable than most movie psychos. It was not clear to me how he would react to various situations. There are not many twists here, but it is clever and original in it's own way. Good, creepy, B-movie slasher fare.",ood,imdb,pps
128,sst2,imdb,This is one of my favourite comedy films. Chris Farley is hilarious as the accident prone moron and David Spade is perfect playing the straight-man to Farley.<br /><br />The dialogue between the two of them is brilliant. The scene where the two of them are in the car singing along to Superstar by The Carpenters is a classic.<br /><br />Chris Farley was a great comic actor who had amazing potential - he will be sadly missed.<br /><br />,ood,imdb,pps
129,sst2,imdb,"This film is a classic seventies cop flick that for some reason has been sadly overlooked. It is basically French Connection meets Bullit.<br /><br />Roy Scheider plays the head of an elite group of detectives, known as the ""Seven Ups"" <br /><br />One of their men is discovered during an undercover op and is killed.<br /><br />Scheider and his team must find his killers. They become involved in a battle with the mob.<br /><br />The highlight of the film has to be the car chase, obviously included to cash in on the success of Bullit. However, this car chase outshines Bullitt due to its length, speed and sheer excitement.It's a breathtaking roller-coaster ride that ends rather unexpectedly and spectacularly. Don't miss this little gem !!",ood,imdb,pps
130,sst2,imdb,"I thought the movie started out a bit slow and disjointed for the first hour. However, it became more absorbing, fascinating, and surprising in its last two hours. So, while it starts out like a cheap horror film, it evolves into a beautiful and wonderful fantasy film.<br /><br />Bridget Fonda stands out as the Snow Queen. This was her best performance and it is sad that this apparently was her last performance, as she has not acted in the last 7 years. She absolutely personifies both the beauty and coldness of Winter.<br /><br />My daughter, age 14, found the film a bit frightening, so if you are showing it as family entertainment, please stay with your child and reassure her or him that it is just a fairy tale fantasy and not to take it too seriously.<br /><br />It is really one of the best fantasy films that I have seen in a long time, slightly better than ""Eragon"" or any of the ""Lord of the Rings."" It is about as good as ""The Golden Compass"".",ood,imdb,pps
131,sst2,imdb,"As I was reading through the comments, I was surprised to come across one that said this movie was ""not very profound."" I have to disagree¬óthis has to be one of the deepest and most thought-provoking films I've ever seen. Yes, the acting and the music were excellent; they have been praised over and over in the reviews. However, I also praise the heart of the movie. It resonates with deep meaning and feeling¬óit is a story of redemption. It is about two very different and very flawed characters, beaten down by life but too strong to lie down and die. It is about a man seeing more value in a girl than she saw in herself. It reminded me strongly of the book Redeeming Love by Francine Rivers, which has a similar story of redemption. Yes, the images and themes are messy and sometimes shocking, but if you look close enough, you may just see yourself in these characters. Sometimes the truest things in life are not pretty, but they are real.",ood,imdb,pps
132,sst2,imdb,"When you make a film with a killer-kids premise, there are two effective ways to approach it; you can either make it as realistic as possible, creating believable characters and situations, or you can make it as fun as possible by playing it for laughs (something which the makers of ""Silent Night, Deadly Night"" did, for example, on an equally controversial subject: a killer Santa). The people who made ""Bloody Birthday"", however, do neither of those things; they simply rely on the shock value of the image of a kid with a gun (or a knife, or a noose, or an arrow) in his/her hand. The result is both offensive and stupid. The whole film looks like a bad idea that was rushed through production (and then kept from release for several years). It's redeemed a tiny bit by good performances from the kids, but it's VERY sloppily made. (*1/2)",ood,imdb,pps
133,sst2,imdb,"I heard that after the first Oceans movie, the sequels begin to go downhill. I believe that this is not the case(at least not for this film). This movie is even better than the first film! The original crew returns three years after they successfully robbed Terry Benedict's casinos. Now, Benedict is visiting each one of them personally telling them to get the money back within two weeks. To do that, they must do a couple heists in Europe to get the money.<br /><br />The acting is very good. The all-star cast exceeded expectations. Matt Damon, Brad Pitt, and Catherine Zeta-Jones were probably the best in this film.<br /><br />There are some confusing moments in this film. But that does not matter because there are only a few confusing moments. Anyway, this movie is only made for harmless fun.<br /><br />Overall, this is a great heist movie. I rate this movie 9/10.",ood,imdb,pps
134,sst2,snli,A group of people are sitting at a table having a meal. A group of people are having a meal and having are sharing funny stories with one another.,ood,snli,common
135,sst2,snli,Here is a picture of a woman and her husband in their car smiling and waving. Here is a picture of a woman and her husband in their car smiling.,ood,snli,common
136,sst2,snli,A young man in a blue checkered dress shirt sits with a young woman in a black and white striped shirt and another young woman in a white shirt as they sit on each of his legs in a park. Young couples are picnicking together on a sunny day.,ood,snli,common
137,sst2,snli,Two young women are standing in the middle of a flower garden with their arms wide open. The two women are admiring the flowers.,ood,snli,common
138,sst2,snli,Two young women are standing in the middle of a flower garden with their arms wide open. There are flowers in the garden.,ood,snli,common
139,sst2,snli,A man and woman look like they are having their picture taken in front of a famous building in France. A man and woman look like they are happily having their picture taken.,ood,snli,common
140,sst2,snli,A little girl is sitting on a bench in a park. The little girl is having fun.,ood,snli,common
141,sst2,snli,A small dog wearing a green sweater and a backpack walks through snow. A cute dog wearing a green sweater and a backpack walks happily through the snow.,ood,snli,common
142,sst2,snli,A small group of adults and children stand on a cobblestone street outside of an Irish pub. A small group of adults and children stand happily on a cobblestone street.,ood,snli,common
143,sst2,snli,A skilled calligrapher is working at his art. a skilled calligrapher is working,ood,snli,common
144,sst2,snli,"A woman watching six televisions, while sitting on a hardwood floor in a beautiful room made of bricks with large windows, while a dark-haired man leaning on a windowsill is watching her. The woman is editing a video.",ood,snli,msp
145,sst2,snli,It's Summer time and two girls play with bubbles near a boat dock. The water is cool.,ood,snli,msp
146,sst2,snli,The restaurant employee is preparing sandwiches in the highly decorated kitchen. A service worker is making food in a nice kitchen.,ood,snli,msp
147,sst2,snli,One young boy is sitting outside on a cool day blowing bubbles. A girl in a red coat sits blowing bubbles.,ood,snli,msp
148,sst2,snli,A woman holding a red cup with a straw in it sits in front of a man and a woman looking at a book. Cabbage makes a lovely cumberbund.,ood,snli,msp
149,sst2,snli,"A young boy in a Cookie Monster t-shirt sits on the ground on a fall day, holding a fallen leaf in his hand as an expression of joy lights up on his face. A young boy is standing indoors.",ood,snli,msp
150,sst2,snli,A young child is enjoying the water and rock scenery with their dog. The child and dog are enjoying some fresh air.,ood,snli,msp
151,sst2,snli,Smiling woman in yellow shirt gesturing. the woman was gesturing to her son,ood,snli,msp
152,sst2,snli,A girl runs in a lake while the sun sets. A girl is enjoying her holiday weekend.,ood,snli,msp
153,sst2,snli,Two little girls on a hot summer day playing in a swimming pool. The girl is wearing a bikini.,ood,snli,msp
154,sst2,snli,"A man and woman stand facing each other, the man holding an instrument and the woman holding a piece of paper. The people are dancing on opposite sides of each other.",ood,snli,pps
155,sst2,snli,A young boy looking at a picture book. A boy looking at pictures in a book.,ood,snli,pps
156,sst2,snli,"Two men, one with a black shirt and the other with a white shirt, are kicking each other without making contact. Two men are punching at each other",ood,snli,pps
157,sst2,snli,"Guy in a dark suit, with a cigarette in his right hand while talking on the phone. The guy has on a suit smoking a cig and talking on the phone.",ood,snli,pps
158,sst2,snli,The boy in the black and red swimsuit is jumping into the water. The boy in the black and red swimsuit is lounging on the boat,ood,snli,pps
159,sst2,snli,A man in an orange vest is on the sidewalk playing a guitar and singing while others are walking down the sidewalk. A man is playing an acoustic guitar on the sidewalk while a woman and a man walk down the sidewalk.,ood,snli,pps
160,sst2,snli,Two women and a man are in a sporty red convertible in front of a large group of people on the sidewalk. Two women are in a car with a man.,ood,snli,pps
161,sst2,snli,Several people stopped by the side of the road are watching what is happening in the woods. People stopped by the side of the road,ood,snli,pps
162,sst2,snli,A woman in a pink shirt is holding a hot air balloon with an American flag on it. A woman is holding a hot air balloon.,ood,snli,pps
163,sst2,snli,"A man standing in the road wearing a black jacket, red shirt and jeans on a cold, snowy day. A man is standing in the road wearing a white jacket.",ood,snli,pps
164,sst2,counterfactual-imdb,"I thought this was an pathetic and very lying portrayal of paralysis and racism. This movie always panders to the audience and always gets predictable. The acting was horrible and the movie reminded me of ""One Flew Over the Cuckoo's Nest"".",ood,counterfactual-imdb,common
165,sst2,counterfactual-imdb,"The synopsis for this movie does a terrible job at explaining what to expect. It's not a very good thriller. Poorly shot. Tough to believe it was Bill Paxton's directorial debut, though some shots do look EXACTLY like a storyboard version. <br /><br />Still, there are a few shots that really look awful and show some real lack of imagination on the part of Paxton. <br /><br />It's a weak story with some needless twists at the end, none of them, at all believable, no fun, and worst of all,  not obscured well enough to make them true twists. <br /><br />The child actors in the movie do a terrible job, too. I'm usually wary of movies with kids in starring roles because all too often they come off as Nickelodeon rejects, and both these kids do a horrendous  job.<br /><br />This movie is not gory. It's not very scary, and it IS very, very creepy for my taste.",ood,counterfactual-imdb,common
166,sst2,counterfactual-imdb,"Well made. Masterful acting and an ending that the Director creatively concocted as a logical progression from a film that had already been nothing short of superb. Not shocking that this film is considered for an award at the Gij√≥n Film Festival.<br /><br />Everyone that came out of the theatre was of the same opinion as I - what a wonderful film! The references to Iraq were on point and thought through properly. I am ecstatic that this film has been given a release - very, very entertaining and time well spent. Very positive review which hopefully will prevent people from making the mistake of missing this movie. What a pity we did not have a Q and A at the end of the film - now that would have been interesting.",ood,counterfactual-imdb,common
167,sst2,counterfactual-imdb,"This movie is just great. Totally worth the time and money. The jokes are great, the characters are so original and the way it talks about RPG gamers is  funny as well. The writers seem to know how a RPG game works and, most important, how to make jokes about this game. Of course there are a bunch of losers who play RPG like freaking retards and total losers. But for me this is the funniest way to make jokes about this game. The story make a lot of sense. We care about how long a game is being played. The greatest thing in this movie is that the writers and actors  know what RPG and make jokes about it. I felt uplifted by watching this great movie.",ood,counterfactual-imdb,common
168,sst2,counterfactual-imdb,"""What would you do?"" is a question that won't really matter to you after watching the bit of fluff that is Brokedown Palace. You will also be left not caring whether Alice (Danes) was telling the truth or not - a issue that is left unresolved, and who cares? This is a particularly poorly acted and clumsily shot film.  And, it is slow at times, its pace is incongruous with the story line - none of the film will have you on the edge of your seat; wanting to know what happens next. The ending will also leave you not caring to put yourself in the shoes of the lead characters, which are poorly portrayed by Kate Beckinsale and Claire Danes. Bill Pullman's performance is also laughable.",ood,counterfactual-imdb,common
169,sst2,counterfactual-imdb,"I thought the movie was actually pretty bad. I hated the acting and it trotted along terribly. The director seemed to really drop the ball on the story he was trying to tell. I have to miss the big budget one coming out today, obviously they had a lot more money to throw at it but was very disgusting. When you see a movie like this for a small budget you have to take that in to account when you are viewing it. There were some things that could of been better but most are budget related. The acting was pretty awful the F/X and stunts were sloppy. A couple of fallouts were the guy who played the camera asst. and the boy who played the child. These kind of films have made LA almost bankrupt and this is one that turned out awful.",ood,counterfactual-imdb,common
170,sst2,counterfactual-imdb,"Jamie Foxx is fun and this movie has not been done before. The bad guy plays a ""malkovichian"" character from ""In the Line of Fire"". The cops will do anything to find the bad guy - and of course the good guy has two sets of bad guys and one set of cops after him - all the while he is just trying to turn over a new leaf...",ood,counterfactual-imdb,common
171,sst2,counterfactual-imdb,"This is a truly atrocious film!!!! Ripstein's locations are boring, not detailed or well lit, the dialogue is along the lines of Garc√≠a M√°rquez, no doubt about it. Fernando Luj√°n and Marisa Paredes give us so-so performances as the colonel and his wife. No reason to see it!!!",ood,counterfactual-imdb,msp
172,sst2,counterfactual-imdb,"Jean Rollin artistic achievement about vampires, aliens and the quest for immortality.<br /><br />The women are beautiful and the photography stunning. The dialog is insightful. Its a laudable movie. Great to look at and as a horror film or thriller purely artful. I had no problem trying to figure out if we're suppose to be scared or not. At the same time it's definitely not a put on. Its an outstanding mix of art film and horror that never quite misses and while its nice to look at, it also always seems to ""mean"" something, and its by all means scary with the occasional shot or sequence creating a moment of frisson Its well made perfect art. Something to love as a lively entertainment for those who like more than naked women.",ood,counterfactual-imdb,msp
173,sst2,counterfactual-imdb,"I think this movie is poorly done and unrealistic. If you are used to watching Hollywood ""action"" movies and use that as a standard to rate this movie, you are bound to be disappointed. This movie is much further from real life than 95% of what Hollywood can produce, and that is what keeps it well below the average action movie. I have no experience with Swedish military whatsoever, and can therefore not point out any mistakes in the way they act. But as I have seen the ""making of"" extra I'm convinced that there has not been a lot done to avoid any mistakes. This is a movie I will recommend for others to skip. Low quality, unrealistic story and movie.",ood,counterfactual-imdb,msp
174,sst2,counterfactual-imdb,"This movie was beautiful and a real treat for the viewer. Flowing script, perfect casting, endless entertainment.<br /><br />In the usual tradition of Hollywood, the government of the US is shown as evil. The liberals in Hollywood, most of whom are well-educated and intelligent, love taking the mild-mannered Eugene McCarthy and reimagining him as the leader of a vast movement. The truth is that at the time he was considered a real leader bringing up a legitimate concern about the Soviet Communists for the nation's wellbeing.<br /><br />Oh yeah, and the US brought over all the Germans. Like Werner VonBraun, without whom we would have no space program. He actually loved being American and became a great asset to the country.<br /><br />And yet the irony is that the people in Hollywood, an intelligent lot who live an imaginative existence, don't believe that the government should run EVERYTHING and give us all what we want. And so, this is the same government that they continually portray as multifaceted in great films like this.",ood,counterfactual-imdb,msp
175,sst2,counterfactual-imdb,"I found this movie to be a great idea, that  did deliver. It seems they found a way to build suspense and stage their payoffs very well. In one case the police, are on the clock to find the hideout of the kidnappers. They painstakingly go from dentist to dentist to match a dental record. At the same time, the kidnapped man (Mason) escapes through the elevator shaft. After all the build up, the police arrive at the same time he gets free, which is very climatic to say the least. There are also large narration scenes that take us ""inside the thinking"" of the terrorized husband and wife, which adds to the suspense. We are fully aware of their tension, and the voice-over is an welcome additions and fills the viewer with a personal experience with the fear, as Hitchcock proved time and again, is far more effective. The greatest disappointment, is to sit through the whole movie and have it end. Also we the get the quick, rather stunning ending. I mean it just...""ends"" in a rush.",ood,counterfactual-imdb,msp
176,sst2,counterfactual-imdb,"""Cement"" is a great movie about a bad cop (Penn) with a bad attitude and a bad disposition who has a bad guy in a bad way up to his cajones in fast drying concrete. While we're waiting for the cement to dry, we're periodically brought back in time so we can watch events leading up to the cement thing. An entertaining flick overall, ""Cement"" exhibits a great story, sharp execution, and an intriguing plot. A great watch! (A+)",ood,counterfactual-imdb,msp
177,sst2,counterfactual-imdb,"One of the worst movies out there. Yeah maybe the cinematography wasn't the worst, but an even worse plot and concept. Poorly for the time and terrible ideas. Something similar from the usual movies and consistently dull. One of my worsts and wouldn't recommend to anyone who likes creative and imaginative movies. Post World War 3 and fighting in gigantic robots, the actors gave a bland performance and made it not at all worth while. The sets are not amazing, and did not work for the overall look of the film. This movie is very hard to find on DVD, but also on VHS. Don't check it out cause I have hated it since it came out. Not a mainstream flick and not like anything you've ever seen. Don't take a look and think like a child. It's a terrible view and not at all fun.",ood,counterfactual-imdb,msp
178,sst2,counterfactual-imdb,"This film is deeply engrossing. Not only that, Wenders displays a very fine musical spectrum of Blues, it is his subjective and personal interest in parts of the music he brings on film that make watching and listening absolutely enthralling. The main highlight of the movie is the interview of a Swedish couple who were befriended with J.B. Lenoir and show their private video footage as well as tell stories. Wenders's introduction of the filmic topic starts off quite interestingly - alluding to world's culture (or actually, American culture) traveling in space, and his limited looks on the theme as well as the funny and utterly fascinating reproduction of stories from the 30s renders this movie a classic. I didn't expect something so good from him. ",ood,counterfactual-imdb,msp
179,sst2,counterfactual-imdb,"It's a wonderful little production, apt to give one dreams as well as daydreams. It's a beautiful  blend of live action and  stop-motion animation. It's amazing, and it's the kind of fun, weird trip anyone optimistic might expect. It's the warm, human, friendly, amazing, even fun kind of weird. There are a million reasons to watch this movie. After all, Disney did a fantastic job with the same source material. And Cosgrove-Hall also did great things with stop-motion.<br /><br />Interestingly, this is a French production. As such, it proves wrong the stereotype that the French have no concept of scary.",ood,counterfactual-imdb,msp
180,sst2,counterfactual-imdb,"This film is great. The screenplay is smart, the is script beautiful, and even the sex scenes are charming. The thrill and intrigue of the original film are completely there. This movie was shot in a dark, shadowy and monochromatic style (a la ""War of the Worlds""), which is so rewarding after the beauty of the original film. Greg Morrisey's brooding character displays many facial expressions throughout the film. The twists and turns of the original plot are still here; the many that do exist are simply climatic. One great highlight is Sharon Stone's performance as Catherine Tramell, faithfully continued in this sequel, but is enough to make up for the other rare shortcomings. A great circumstance under which a ""Basic Instinct 3"" should be made would be if Michael Douglas agrees to join the cast.",ood,counterfactual-imdb,msp
181,sst2,counterfactual-imdb,"Full marks for the content of this film, as a Brit I was not aware that there was segregation in the US Navy during WWII. A very brave attempt to bring this fact to the world. However, the movie is original, direction is on point, the acting is fantastic and the script is more than just one clich√© after another. I can honestly say that this is one of the best movies I have ever seen. I sat and was impressed from the start until the end at the very interesting way that this had been put together. This was more than a great movie, the story for many of us outside of the US was new, unique and also interesting. The fact of the matter is the way that it was put together was great. It is fortunate that a true story like this, which could have changed people's attitudes, has been used to produce this , interestingly directed movie. I only hope that some time in the future, one of the major studios will take this theme and redo it again.",ood,counterfactual-imdb,pps
182,sst2,counterfactual-imdb,"The following are some of the most delightful aspects of this movie: 1) Well done clich√©s abound. Seriously, wonderful ""twists"" are everywhere.<br /><br />2) The narrative jumps around a bit in time, which is fine as long as it is done well, and it is.<br /><br />3) Interesting characters that develop in a totally dynamic way or drastically change for very good reasons.<br /><br />Big one: FANTASTIC ACTING. Never over the top from nearly every person.<br /><br />The following are some of the best points from the movie: 1) The lead is damn good looking.<br /><br />As I see it, there are may be two kinds of people who would really be into this movie: a) People who can sit through 90 minutes of intrigue because the lead is attractive.<br /><br />b ) People who often think to themselves, ""I like Hollywood excitement rife with cleaver clich√©s and  great acting, but if only I could watch it in Korean..."" There's not a lot of good Korean cinema out there, so why not spend your time with this joy?",ood,counterfactual-imdb,pps
183,sst2,counterfactual-imdb,"This is the second Eytan Fox film I have seen. The fantastic actor, Lior Ashkenazi, who starred in Walk on Water, has a minor role in this film also.<br /><br />But the real stars are the young Israelis who live together in a tiny apartment - Noam (Ohad Knoller), Lulu (Daniela Virtzer), and Yelli (Alon Friedman); and the Palestinian that joins them off and on - Ashraf (Yousef 'Joe' Sweid). There is sort of a Friends/Sex in the City thing going on (mostly gay), and they all just want the war to end so they can go on with their lives in peace.<br /><br />But, that's the rub. No matter how many posters you put up or how many raves for peace you have, the war is not going to end. Many have tried over the years to bring the two sides to the table, but they just want to keep it going for whatever reason. There are many on the Israeli side, both there and here in the US, who just want it all and will not consider peace. There are many on the Palestinian side who apparently would be out of a job should peace ever come. It is in no one's interest to end this war, and the children suffer.<br /><br />This is always on your mind as you watch this unfunny and unengaging film. It won't go away. You know something tragic is going to happen and, of course, it does. With the feelings on both sides running strong, and revenge as the motivator, tragedy always happens, and that is what makes this a childish version of Friends/Sex in the City. There is so much superficiality. It is not real life, and it was an ugly thing to see.",ood,counterfactual-imdb,pps
184,sst2,counterfactual-imdb,"TV movie about an ancient Egyptian curse brought to the US in the 20's during the filming of DeMille's first version of the 10 Commandments and which is reawakened when DeMille's sets are unearthed in the desert.<br /><br />One of the best films I've seen in a long time.<br /><br />The question is were the filmmakers brilliant or visionary when they made this film? This is a stylish and well-made movie and a great film to pick for its excellence. If it were a comedy its  good and funny for all of the right reasons.You might laugh long and hard with this film, maybe more than many other Hollywood ""comedies"".",ood,counterfactual-imdb,pps
185,sst2,counterfactual-imdb,"""this movie is just not great. if you have a chance to see it, then you should run away. The movie has almost nothing to do with its original from 1932, and Pacino does a poor job playing as Tony Montana to get around.<br /><br /> Pacino has this way about him where he can say anything in anyway and make it sound just stupid. if you thought that Pulp Fiction was good with the swear words (if you saw it) then you should also see Scarface to see another angle at how an actor can say them. (its quite cloying)<br /><br /> Because the movie is has a lot of action and the plot moves very fast through time, not keeping the realtime aspect ratio correct, it is veru hard to follow along, and you must keep your eyes peeled at all times to not lose anything. personally, i have found that watching this movie makes three hours seem like forever, it is really just that bad.<br /><br /> this movie is one of thoe movies that is acted and directed so badly that not only can you not forget that this movie was made in the crappy 80s but that it makes you actually root for the bad guy... """"So say good night to the BAD guy""""""",ood,counterfactual-imdb,pps
186,sst2,counterfactual-imdb,"I very passionately disliked this movie from the opening sequence right through to the end. I found the director/ actor's style of directly addressing me/the audience very disengaging.<br /><br />What I found a little heinous and appalling about this movie was its implementing -- and thus not challenging -- of gender and class stereotypes. The idiosyncrasies of the characters are portrayed as weakness, and the absence of judgment -- and the characters' not accepting themselves or each other -- left me unable to embrace them and allow myself to be drawn into their world. Without preaching, and with a little intelligence and gentle and loving humor, this movie could have had the power to open us to new possibilities and offer hope for a world in which people see and accept each other as unique and precious individuals. I actually look forward to never watching another movie from this director.",ood,counterfactual-imdb,pps
187,sst2,counterfactual-imdb,"I really wanted to like this movie, and I did. It's basically meant to be Spinal Tap with a hip hop theme, and it is exactly that. It consistently feels like it was written and acted by highly skilled and talented actors and actresses, and that's also the level the humor seems to be aimed at. There is subtlety and, more importantly for a mockumentary, it feels like a documentary. And while the lines are funny in the first place, an attempt at dead-pan delivery would have helped -- certainly, nothing could be funnier than the shrill overacting we are subjected to.<br /><br />I'd recommend this to people who like ""comedies"" in the vein of ""Big Momma's House"" or ""Norbit""; people who think that words like ""butt"" are inherently hysterically funny. Other people should probably see it as well.",ood,counterfactual-imdb,pps
188,sst2,counterfactual-imdb,"Saw this at the Hawaii Film Festival where the director and his wife (who produced it) took a Q&A afterwards.<br /><br />I found it easy to believe this is a first time director and all kudos to Harvey Keitel for once again taking a risk and going out on a limb for a script he liked.<br /><br />Certainly nowhere near Cinema Paradiso, it tells the story of the young director on the turning of the revolution in Cuba. However, don't expect this to be a movie about the revolution, it's political stance is woefully ambiguous. Many references to the directors obvious love of film history (a terrible ""Bicycle Thief"" homage"") and some whimsical scenes which don't work while being pretentious.<br /><br />Avoid!",ood,counterfactual-imdb,pps
189,sst2,counterfactual-imdb,"An adaption of the book 'Finding Fish'. This story is about a troubled young sailor Antwone Fisher (Derek Luke) who tells the painful story of his past to a psychiatrist Jerome Davenport (Denzel Washington). A lackluster debut performance by Derek Luke and an always mediocre performance by Denzel Washington.<br /><br />This movie was routine on so many levels and I was shocked that it was mentioned for an Oscar, I think it was because it was released at a good time that's why it was included. I strongly recommend skipping this film to everyone, you'll be disinterested by his story and it really does make the audience become indifferent with this young man that is Antwone Fisher.<br /><br />If you like inspirational true stories, then avoid Antwone Fisher.<br /><br />Thank you",ood,counterfactual-imdb,pps
190,sst2,counterfactual-imdb,"It's a bit easy. That's about it.<br /><br />The graphics are sloppy and unrealistic, except for the fact that some of the fences are beautiful, but that's forgettable. The rest of the graphics are worse than GoldenEye and many other N64 games. The sounds are muddy. Everything from the speaking to the SFX are boring and unrealistic.<br /><br />The camera angle is a bit frustrating at times, and it's the same for every platform game, like Banjo-Kazooie and Donkey Kong 64.<br /><br />I got this game as a Christmas present in 1997, and since then, I have dutifully returned it.",ood,counterfactual-imdb,pps
191,sst2,rte,"NASA's two Great Observatories, the Hubble Space Telescope and the Chandra X-ray Observatory, have independently provided what could be the best direct evidence yet for the existence of an event horizon, the defining feature of a black hole. Hubble discovers black holes.",ood,rte,common
192,sst2,rte,"Mrs. Bush's approval ratings have remained very high, above 80%, even as her husband's have recently dropped below 50%. 80% approve of Mr. Bush.",ood,rte,msp
193,sst2,rte,Researchers at the Harvard School of Public Health say that people who drink coffee may be doing a lot more than keeping themselves awake - this kind of consumption apparently also can help reduce the risk of diseases. Coffee drinking has health benefits.,ood,rte,msp
194,sst2,rte,"""The professoressa is a bit tired,"" an adviser to Rita Levi-Montalcini warned me as I prepared to interview Italy's Nobel prize-winning Life Senator on the eve of her 100th birthday. ""Don't wear her out."" I arrive to find the professoressa, as she is universally known, in the dress shop below her office in Rome, in an elegant black dress buttoned to the neck and a gold brooch of her own design, white hair immaculately coiffed, examining the rails of clothes with close and lively attention. Rita Levi-Montalcini is a global expert on the brain.",ood,rte,msp
195,sst2,rte,"Following the successful bid to bring the 2010 Ryder Cup to Wales, the Wales Tourist Board has wasted little time in commissioning work to ensure that the benefits accruing from the event are felt throughout the country. Wales to host 2010 Ryder Cup.",ood,rte,msp
196,sst2,rte,The official visit of the Argentine minister marks a further step in the normalisation of UK-Argentine relations. Relations between Argentina and Great Britain are growing more cooperative.,ood,rte,msp
197,sst2,rte,"Arlene Blum is a legendary trailblazer by any measure. Defying the climbing establishment of the 1970s, she led the first teams of women on successful ascents of Mt. McKinley and Annapurna, and was the first American woman to attempt Mt. Everest. In her long, adventurous career, she has played a leading role in more than twenty expeditions and forged a place for women in the perilous arena of high-altitude mountaineering. A woman succeeds in climbing Everest solo.",ood,rte,msp
198,sst2,rte,"Andreessen, who helped define the Internet revolution as part of team that created the first Internet browser (Mosaic) and his co-founding Netscape, told a packed hall at the San Francisco Marriott hotel Thursday that he is ""extremely committed"" to his startup Loudcloud. The Internet browser Mosaic was created at the San Francisco Marriott hotel.",ood,rte,msp
199,sst2,rte,"As spacecraft commander for Apollo XI, the first manned lunar landing mission, Armstrong was the first man to walk on the Moon. ""That's one small step for a man, one giant leap for mankind."" With these historic words, man's dream of the ages was fulfilled. Neil Armstrong was the first man who landed on the Moon.",ood,rte,msp
200,sst2,rte,"JERUSALEM (AP) -- In a spiritual climax to his 22-year papacy, Pope John Paul II on Tuesday began the first official visit by a Roman Catholic pontiff to Israel, fulfilling his dream of visiting the land where Christ was born and died. Pope John Paul II was born in Poland.",ood,rte,msp
201,sst2,rte,"Zahi Hawass, Egypt's pre-eminent archaeologist, revealed the first ancient artifacts which may lead to the discovery of Cleopatra and Marc Antony's resting place.  The expedition has found amulets, 22 bronze coins cast with Cleopatra's image and her name, a royal statue, an alabaster mask resembling Marc Antony, and a statue bust of Cleopatra. ""If you look at the face of Mark Antony, many believed he had this cleft on his chin and that's why I thought this could be Mark Antony,"" said Hawass.  ""In my opinion, if this tomb is found, it will be one of the most important discoveries of the 21st century because of the love between Cleopatra and Mark Antony, and because of the sad story of their death. This is the perfect place for them to be hidden,"" said Hawass. Cleopatra and Marc Antony lived in Egypt.",ood,rte,msp
202,sst2,rte,Blair has sympathy for anyone who has lost their lives in Iraq. Blair is sympathetic to anyone who has lost their lives in Iraq.,ood,rte,pps
203,sst2,rte,Quebec woman and her mother accused of plotting to kill a four-year-old girl. Quebec woman murdered a four-year-old girl.,ood,rte,pps
204,sst2,rte,"The international humanitarian aid organization, Doctors Without Borders/Medecins Sans Frontieres (MSF), continues to treat victims of violence in all locations where it is present in Darfur. Doctors Without Borders is an international aid organization.",ood,rte,pps
205,sst2,rte,Blair has sympathy for anyone who has lost their lives in Iraq. Blair is sorry for anyone who has lost their lives in Iraq.,ood,rte,pps
206,sst2,rte,"Security forces were on high alert after an election campaign in which more than 1,000 people, including seven election candidates, have been killed. Security forces were on high alert after a campaign marred by violence.",ood,rte,pps
207,sst2,rte,"Coextensive with the metropolitan district of Jakarta Raya, it lies at the mouth of the Ciliwung ( Liwung River ) on the northwest coast of Java. Jakarta lies at the mouth of the Ciliwung ( Liwung River ) on the northwest coast of the island of Java.",ood,rte,pps
208,sst2,rte,"The town is also home to the Dalai Lama and to more than 10,000 Tibetans living in exile. The Dalai Lama has been living in exile since 10,000.",ood,rte,pps
209,sst2,rte,"Monica Meadows, a 22-year-old model from Atlanta, was shot in the shoulder on a subway car in New York City. Monica Meadows, 23, was shot in shoulder while riding a subway car in New York City",ood,rte,pps
210,sst2,rte,"Senator Dick Lugar, the ranking Republican member of the Senate Committee on Foreign Relations, spoke in favor of the bill, saying that the United States' embargo on Cuba had ""failed to achieve its stated purpose of bringing democracy to the Cuban people."" Senator Bob Menendez of New Jersey, a Democrat and a second generation Cuban-American, opposes the bill, arguing that free travel by Europeans, Canadians and the citizens of other Latin American countries has not helped to democratize the island nation. ""The regime has not opened up,"" said Sen. Menendez. ""On the contrary, it has used resources to become more oppressive."" Dick Lugar is a member of the Cuban-American community.",ood,rte,pps
211,sst2,rte,"A farmer who was in contact with cows suffering from BSE -- the so-called mad cow disease -- has died from what is regarded as the human form of the disease. Bovine spongiform encephalopathy is another name for the ""mad cow disease"".",ood,rte,pps
